                  epoch,         train/box_loss,         train/cls_loss,         train/dfl_loss,   metrics/precision(B),      metrics/recall(B),       metrics/mAP50(B),    metrics/mAP50-95(B),           val/box_loss,           val/cls_loss,           val/dfl_loss,                 lr/pg0,                 lr/pg1,                 lr/pg2
                      1,                 1.9507,                 2.6399,                 1.6346,                0.29456,                0.43661,                0.30014,                0.12629,                 1.9383,                 2.3473,                 1.5788,             0.00047272,             0.00047272,             0.00047272
                      2,                 1.8111,                 1.8867,                 1.5277,                0.61387,                0.62919,                0.63425,                0.24608,                 1.8939,                 1.5262,                  1.539,             0.00076114,             0.00076114,             0.00076114
                      3,                 1.7803,                 1.7046,                 1.4932,                  0.701,                0.63038,                0.68635,                0.31994,                 1.8538,                 1.4297,                 1.5478,             0.00086094,             0.00086094,             0.00086094
                      4,                 1.7383,                 1.5128,                  1.459,                0.71517,                0.76066,                0.80319,                0.39506,                 1.7086,                 1.1133,                 1.4284,             0.00058017,             0.00058017,             0.00058017
                      5,                 1.6452,                 1.3262,                 1.3879,                0.78144,                0.81705,                0.85276,                0.42733,                  1.652,                0.94367,                 1.3665,             0.00029723,             0.00029723,             0.00029723
